{"cameraMode":{"drawMode":0,"name":"Shaded","section":"Shading Mode"},"sceneLighting":true,"audioPlay":false,"sceneViewState":{"showFog":true,"showMaterialUpdate":false,"showSkybox":true,"showFlares":true,"showImageEffects":true,"showParticleSystems":true},"in2DMode":false,"pivot":{"x":-3.6843008995056154,"y":-1.391448736190796,"z":-4.932763576507568},"rotation":{"x":0.05302047356963158,"y":-0.9177483916282654,"z":0.13110752403736115,"w":0.3711392879486084},"size":4.053030490875244,"orthographic":false}